{
  "temperature": 1.5456855297088623,
  "split_hash": "5255dd6103b54850",
  "ckpt_split_hash": "5255dd6103b54850",
  "val_size": 1502,
  "metrics_before": {
    "nll": 0.4828711152076721,
    "ece": 0.050352721163384066
  },
  "metrics_after": {
    "nll": 0.4378449618816376,
    "ece": 0.021834477825257312
  }
}